拼音,汉字
a,啊阿腌呵锕吖嗄
ai,爱挨哀碍嗌隘暧嫒艾蔼矮癌唉埃哎瑷锿诶砹霭皑
an,安案按暗氨岸埯俺铵鹌庵鞍桉胺桉揞黯谙
ang,昂盎肮
ao,傲懊袄熬翱拗澳奥坳獒嗷遨凹敖廒鳌骜螯岙嚣媪
ba,把坝八爸吧巴拔疤跋叭霸耙扒罢捌芭岜靶笆粑钯魃茇灞
bai,白败百掰拜摆柏佰伯捭稗呗
ban,班办伴半斑瓣板般版扮搬颁扳绊拌坂阪钣舨瘢癍
bang,榜帮邦棒膀磅蚌镑谤绑梆傍蒡浜
bao,报抱宝保包堡暴苞饱胞鲍薄剥爆煲饱刨炮龅雹褓葆褒豹趵鸨
bei,辈被备背贝北悲杯倍陂埤焙碑卑碚蓓邶褙臂呗狈钡萆悖鹎惫鞴鐾
ben,本奔笨苯贲锛坌夯畚
beng,蹦崩迸泵绷甭嘣蚌甏
bi,比壁必笔毕闭避鼻币弊彼辟碧敝鄙逼臂匕毙秕妣吡庇毖陛篦蓖秘铋滗濞璧襞畀裨婢俾髀庳痹弼蔽贲边笾扁编遍鳊褊煸蝙碥匾辩辨辫弁卞汴忭苄便鞭缏变贬砭窆
bian,边鞭便编变遍辫卞扁辩匾贬
biao,标表镖骠鳔裱婊膘彪瘭勺杓髟飙镳飑
bie,别鳖憋瘪蹩
bin,缤髌鬓殡濒斌彬滨宾膑傧槟镔摈豳玢
bing,并兵冰病饼摒禀秉炳柄丙屏邴
bo,搏播勃伯博菠泊脖驳玻波拨渤鹁跛簸铂舶柏箔博膊薄趵帛擘檗钹钵踣卜亳般
bu,不布补部步哺簿埠怖捕卜钚钸卟晡埔逋醭瓿
ca,擦嚓礤拆
cai,财采彩才菜材猜踩蔡睬裁
can,璨惭参餐灿残蚕惨骖掺粲
cang,藏舱沧苍仓伧
cao,草操嘈曹糙槽漕螬艚
ce,策册厕测侧恻
cen,参
ceng,层蹭曾噌
cha,差查察茶楂岔衩碴搽茬插杈叉槎喳馇猹锸嚓镲檫汊诧姹刹
chai,豺柴钗拆差虿侪
chan,产阐蝉颤忏铲缠潺馋谗婵搀掺单禅孱骣冁冁镡蟾谄躔廛澶蒇羼觇
chang,长昌唱场畅常倡尝厂怅敞偿肠猖伥苌娼鲳阊菖倘徜惝氅嫦裳昶鬯
chao,嘲抄超炒朝潮钞吵耖巢剿绰焯晁怊
che,澈彻车撤掣扯砗尺坼
chen,沉称陈晨尘趁衬碜辰臣琛抻秤谌忱橙郴宸榇嗔龀伧谶
cheng,程成承诚城乘撑骋澄秤逞惩呈丞铛噌铖蛏柽称埕裎珵盛橙枨瞠酲塍
chi,耻持吃尺池迟翅赤匙坻斥齿驰痴弛哧踟叱炽豉蚩嗤媸茌墀鸱侈眵傺螭魑篪褫啻笞敕饬
chong,充虫冲崇宠种忡茺重憧艟涌舂铳
chou,抽筹愁酬仇惆臭瞅丑畴帱俦踌绸稠雠瘳
chu,出楚触处础初除矗褚储锄厨雏黜绌刍蜍滁憷楮躇橱蹰怵畜搐樗杵
chuai,踹揣啜嘬搋膪
chuan,传穿川喘串船钏遄椽舛氚舡
chuang,创床幢窗闯疮怆
chui,吹垂槌锤捶炊陲棰椎
chun,春纯醇蠢鹑淳唇椿蝽莼
chuo,绰辍龊戳焯踔啜
ci,此次词辞慈刺赐磁瓷雌祠茨疵伺兹鹚糍差
cong,丛从匆聪葱淙苁枞琮囱璁骢
cou,凑凑腠辏楱
cu,促粗簇醋猝殂徂酢蹴蹙
cuan,篡窜蹿撺镩攒汆爨
cui,璀脆翠粹淬啐萃摧催崔隹悴瘁衰榱毳
cun,存村寸忖蹲皴
cuo,挫错措撮矬蹉搓厝锉脞嵯瘥鹾磋
da,答大打达搭瘩哒鞑嗒沓褡耷疸妲怛靼笪
dai,代待带怠袋戴黛贷殆傣逮歹呆玳岱甙埭绐骀迨绐呔
dan,但弹担单蛋丹耽胆淡诞氮旦眈掸殚惮郸瘅箪疸啖赕儋澹石萏聃
dang,党当档荡挡裆铛谠砀宕菪凼
dao,到道倒导蹈刀祷叨稻悼盗捣岛忉焘帱氘纛
de,的得德锝地
dei,得
deng,等邓蹬登灯瞪凳澄嶝噔簦镫磴戥
di,地第底递低帝敌迪滴砥谛翟缔弟抵嘀涤笛堤蒂碲绨娣睇氐坻诋柢骶羝提镝嫡邸狄荻棣的嶂觌籴
dian,点电店殿淀典巅惦佃奠垫踮碘颠掂坫玷靛癜甸滇癫钿簟皲堤岸
diao,调掉雕凋钓吊貂碉叼刁鲷铞铫鸟
die,跌叠蝶喋碟牒谍爹蹀鲽揲堞迭耋瓞垤
ding,定顶丁叮锭订鼎钉盯腚碇啶仃町酊玎耵疔铤
diu,丢铥
dong,东动懂栋冬咚冻洞董胨岽鸫胴峒硐侗恫垌氡
dou,斗豆抖痘逗陡蚪兜都篼蔸窦读
du,都肚读度顿督堵独毒妒渡睹镀杜赌渎嘟牍犊椟黩嘟笃蠹黢髑芏
duan,锻段断端短煅缎椴簖
dui,对队堆碓兑怼敦镦憝
dun,敦囤遁盾钝炖盹蹲墩吨顿砘沌礅镦趸
duo,多夺朵躲惰堕舵垛掇哆驮跺铎剁哚柁度踱咄裰缍沲
e,而儿二恩尔耳恶鹅饵噩遏鄂饿扼厄额娥俄讹锷鳄鹗萼谔腭愕颚峨蛾哦锇莪阿婀屙垩苊轭呃阏
en,恩摁蒽
er,贰二而鸸鲕尔迩儿耳洱饵铒珥佴
fa,发法乏罚筏阀伐砝珐垡
fan,繁范反犯饭凡泛烦番翻帆贩返矾畈钒梵藩幡燔蹯蕃樊蘩
fang,方放房防芳访妨仿纺坊邡舫枋钫肪鲂钫彷
fei,非费匪废飞肺沸妃痱翡诽肥啡狒镄狒淝菲扉腓榧悱鲱绯篚斐蜚霏吠芾
fen,奋分粉份纷芬氛愤粪忿焚汾坟酚玢吩鼢棼态鲼偾瀵
feng,蜂丰风奉锋封峰俸凤讽缝逢烽疯砜枫葑沣冯唪酆
fo,佛
fou,否缶
fu,福付复覆负父富夫辅服腐腑扶浮符幅副伏腹肤佛赴府脯咐缚傅赋妇附俯抚釜斧辐俘袱茯拂芙敷孵麸蝠匐讣蚨呋趺蚨蝮鳆馥鲋驸跗苻孚莩郛桴拊蜉稃阜滏甫黼赙弗砩怫绋艴氟绂绂祓黻黻涪罘芾疠凫菔幞
ga,尬嘎旮噶伽咖胳轧钆尕尜夹
gai,该改概盖钙溉丐赅陔垓芥戤
gan,干感敢尴甘赶肝赣擀秆柑泔竿矸杆酐橄澉坩旰绀苷疳乾淦
gang,钢岗刚纲杠冈戆港罡缸肛扛筻
gao,告高稿糕搞锆诰镐睾羔篙膏皋缟槁藁郜杲槔
ge,歌个各戈格哥割隔仡蛤葛阁革鸽搁胳疙圪铬硌骼袼咯虼纥屹鬲镉嗝膈塥哿舸盖合搿颌
gei,给
gen,根跟艮茛哏亘
geng,更庚耕颈耿梗哽埂羹绠鲠赓
gong,贡共公工供功宫拱巩恭躬弓攻珙红汞龚觥蚣肱
gou,够苟沟购勾垢构狗篝枸佝钩句笱岣诟觏鞲媾遘缑彀
gu,故古股辜孤固姑顾鼓谷骨估梏雇箍沽咕钴鸪蛄诂牯酤罟菇轱锢鲴崮痼嘏鹄鹘臌觚呱菰贾汩蛊瞽毂汨
gua,瓜挂褂卦寡剐刮呱诖胍括鸹
guai,拐怪乖掴
guan,关管观惯馆贯灌莞罐鳏冠棺倌官涫掼纶鹳盥矜
guang ,广犷光咣胱桄逛
gui,贵规柜归瑰龟桂鬼闺轨跪刽癸诡硅圭妫鲑傀炔炅獬庋宄匦刿簋桧晷皈鳜
gun,滚棍辊磙衮绲鲧
guo,国过果椁裹帼聒蝈郭锅掴猓蜾呙涡埚虢崞馘
ha,哈蛤铪虾
hai,孩还海害骇亥骸氦咳嗨嘿醢胲
han,汗罕憾函寒汉喊含悍撼涵瀚翰焊捍旱韩憨酣鼾蚶邯焓犴邗顸撖阚颔菡晗
hang,航杭夯行珩绗吭沆巷颃
hao,号好毫浩豪皓耗郝嚎壕嗥蚝蒿昊濠貉颢嚆镐薅
he,和河合核何喝鹤盒呵荷壑赫褐贺貉阖禾诃蚵嗬菏颌劾阂曷涸吓纥盍翮
hei,黑嘿嗨
hen,很恨狠痕
heng,恒哼横衡亨行珩桁蘅
hong,弘红哄鸿洪宏虹烘轰讧荭闳泓訇蕻黉薨疫
hou,后候厚吼猴喉侯逅骺堠糇篌瘊後鲎
hu,户虎护湖互乎忽胡糊蝴呼唬沪浒琥壶葫弧狐囫戽扈瑚鹕煳醐猢滹轷烀瓠笏惚唿核鹄祜怙岵和鹱斛槲冱戏鹘觳
hua,话华花化划哗画滑桦猾骅铧豁砉
huai,怀坏槐淮徊踝划
huan,欢环换幻患缓圜浣宦焕涣唤寰獾还擐缳奂痪漶桓洹郇锾鲩逭鬟豢萑
huang,皇黄谎荒煌幌晃恍潢惶徨遑凰慌蟥璜磺簧癀湟蝗隍鳇篁肓
hui,会灰回悔诲汇挥荟慧绘恢毁辉哕惠秽彗贿晦讳烩卉茴徽晖诙匹桧浍洄蛔徊珲蟪蕙咴溃缋麾堕喙虺恚隳
hun,魂混昏婚馄浑荤阍珲诨溷
huo,活火货或获伙祸惑藿霍豁后钬和嚯攉夥劐镬蠖耠锪
ji,技纪击己继极计记及给绩积机即级基际几集籍迹季急叽济激挤饥寄脊剂肌棘既嫉疾寂荠亟稽冀鲫稷祭暨悸妓伎忌戟藉瘠辑蒺吉汲跻缉姬唧畸犄鸡芨圾讥矶玑虮圾笈岌齐霁哜鲚佶诘咭髻系芰屐箕蓟奇掎跽楫骥嵴期嵇羁麂戢蕺革其殛洎觊笄齑偈赍乩丌墼剞畿系际季悸剂迹既暨继寄祭寂绩稷鲫冀
jia,家加价佳假架稼嫁颊伽驾贾钾甲夹嘉枷镓珈跏笳茄痂袈迦嘏瘕葭胛岬郏蛱铗浃荚戛袷恝
jian,建见检间件键健简践兼俭坚鉴荐毽尖渐艰涧减监肩箭捡剪溅剑贱饯舰碱柬茧拣缄煎菅歼奸笺戋腱踺楗犍锏裥枧笕缣搛蒹鹣硷睑槛蹇翦湔谫鞯谏浅謇戬僭鲣囝趼牮
jiang,讲江将奖降浆犟酱匠蒋疆僵姜豇虹茳桨强糨洚绛缰礓耩
iiao,交较胶皎敫蛟绞郊姣跤饺佼狡铰校鲛茭侥浇叫教脚缴徼角焦礁醮噍鹪僬蕉觉搅矫娇轿骄挢峤窖椒嚼剿艽湫纟酵
jie,戒界结介捷解接节杰届桔洁阶借姐截揭街劫诫芥竭睫拮桀秸皆孑疖诘鲒喈楷婕羯偈碣价蚧疥骱藉家颉嗟讦
jin,仅近今金进津浸谨尽劲巾紧斤禁晋妗靳锦襟筋烬赆荩缙衿矜噤堇瑾槿馑廑卺觐
jing,精景经敬径净竞静境惊睛晶京阱镜竟荆警靖痉儆井兢旌茎獍泾劲刭颈弪迳肼腈婧靓菁憬鲸粳
jiong,炯窘迥扃炅
jiu,就久纠疚救九旧韭酒究舅咎臼灸玖揪阄赳僦蹴柩啾鬏桕鹫鸠厩
ju,巨句举据具局菊聚距惧炬剧居咀趄俱拒矩橘鞠掬锯驹拘椐踞倨琚裾柜钜讵苣榘枸锔犋飓榉且雎龃沮狙苴疽遽踽瞿醵莒屦窭鞫桔车
juan,卷捐涓眷倦绢鹃娟锩圈桊狷隽镌俊鄄蠲
jue,决绝觉珏崛镢厥掘倔抉诀觖孓角桷爵嚼爝劂撅蕨橛噘蹶獗矍谲噱攫脚嗟
jun,军均浚郡竣骏峻俊菌君钧筠皲捃龟麇隽
ka,卡咯咔喀咖胩佧
kai,开凯慨忾楷揩锎恺铠垲剀锴蒈
kan,看刊堪瞰侃砍坎勘嵌莰槛阚龛戡
kang,康抗炕伉亢扛糠慷钪闶
kao,考靠犒铐烤拷栲尻
ke,科课可颗刻克棵客磕苛渴壳嗑恪咳瞌稞蝌柯坷珂轲蚵钶岢疴氪髁锞骒窠颏溘缂
kei,克
ken,肯恳垦啃龈裉
keng,铿吭坑
kong,空恐孔控崆倥箜
kou,口蔻寇扣叩抠筘眍芤
ku,苦库哭枯酷裤窟骷堀绔刳喾
kua,垮夸跨胯挎侉
kuai,快块筷脍会浍郐侩狯哙蒯
kuan,宽款髋
kuang,况旷眶框矿诳狂筐哐诓匡邝纩圹贶夼
kui,愧喹溃亏馈匮傀睽葵魁馗逵奎窥盔跬蝰隗夔揆愦聩篑蒉喟悝暌岿
kun,困昆捆坤悃阃琨锟鲲醌髡
kuo,括扩阔廓蛞栝适
la,啦腊蓝拉蜡喇辣旯垃砬落剌邋瘌
lai,来赖癞睐莱铼徕崃涞赉濑籁
lan,懒览篮斓烂兰滥缆揽褴澜阑婪岚栏拦蓝榄谰镧漤罱
lang,浪朗琅狼螂榔廊郎啷锒稂阆莨蒗
lao,劳老牢姥烙涝酪佬醪痨唠捞栳铑崂耢铹络落潦
le,了乐勒肋叻仂泐鳓
lei,类累泪雷嘞磊垒擂蕾镭檑嫘缧勒肋羸耒诔酹儡
leng,冷愣棱塄楞
li,利力莉丽里梨历立励理例礼离厉沥李粒砺璃蜊栗隶唳痢吏笠莅雳荔鲤娌蠡黎犁篱漓厘哩鹂郦骊俪鲡逦疠粝呖蛎坜枥苈疬砾栎轹跞喱狸锂俚悝俐猁缡蓠藜溧傈篥澧醴鳢罹鬲戾嫠詈黧
lia,俩
lian,连炼脸练恋帘廉莲联怜链敛镰涟裢琏鲢殓裣潋蔹濂蠊臁楝奁
liang,两量良凉粮亮谅梁辆靓踉晾粱俩魉莨墚椋
liao,料缭聊疗镣撂寥燎潦獠僚辽撩 了钌廖蓼嘹鹩寮
lie,列猎烈劣趔冽裂咧洌鬣躐捩埒
lin,林临琳躏蔺吝檩凛麟鳞磷粼霖淋邻啉膦辚瞵嶙遴赁廪懔拎
ling,灵领零铃岭另令聆龄囹凌绫菱陵棂羚翎玲伶拎泠呤蛉柃瓴苓鲮棱
liu,刘留流浏六柳硫遛琉瘤馏熘溜榴骝镏旒锍鎏陆鹨绺碌
lo,咯
long,拢龙笼隆垄陇聋胧珑咙茏泷栊砻窿癃弄哢
lou,楼陋偻漏瘘篓髅耧喽搂娄镂蝼嵝蒌露
lu,鲁虑律路芦绿率露旅录缕履碌颅滤屡铝侣吕驴鹭潞麓辘鹿赂禄陆掳虏卤炉庐卢噜撸璐泸鲈栌舻垆胪鸬轳硵渌逯橹镥氇漉簏戮辂蓼六
lv,律率绿氯吕侣铝闾稆旅膂虑履缕偻褛屡捋
luan,乱卵銮鸾挛孪峦栾滦娈脔
lue,略掠锊
lun,论轮沦伦仑抡轮纶囵
luo,罗落洛络漯摞骆裸螺骡锣逻捋椤猡萝箩跞泺硌珞烙雒镙瘰倮荦脶
ma,妈马吗骂麻码蟆嘛玛蚂犸杩摩嬷么抹呒唛
mai,卖买埋脉霾麦迈荬劢
man,满慢曼蛮漫蔓幔谩瞒馒鳗熳镘墁缦螨颟埋鞔
mang,忙茫芒莽氓盲邙硭蟒漭
mao,茂猫毛貌茅贸帽冒耄铆卯锚矛髦牦旄瑁袤蟊蝥瞀懋泖茆峁昴
me,么麽
mei,美没每玫梅妹媚眉酶枚煤袂魅寐昧镁媒霉莓湄楣猸鹛嵋镅糜谜浼
men,们门懑焖闷扪钔
meng,梦猛孟蒙懵锰瞢朦檬盟萌蜢勐艋氓
mi,蜜迷弥米咪密秘泌觅靡糜醚谜眯脒敉麋谧宓嘧祢猕縻蘼芈汨弭幂
mian,面棉免腼缅冕娩勉绵眠湎丐沔眄黾渑
miao,描妙喵苗缪庙藐缈渺秒瞄鹋杪眇淼邈
mie,灭篾蔑咩蠛乜
min,民敏泯抿闽悯闵皿岷珉苠缗玟愍黾鳘
ming,命明名铭鸣酩瞑冥茗盟溟暝螟
miu,谬缪
mo,末陌抹膜默漠模莫墨磨寞殁沫茉魔蘑摩摹馍摸秣谟镆嫫貘瘼蓦没耱嬷麽脉万貊冒嘿貉无
mou,眸某谋牟哞侔蛑缪鍪蝥
mu,母睦目幕牡木拇慕穆暮墓募牧苜沐亩姆坶钼模姥仫牟毪
na,那南哪拿纳捺衲钠呐娜镎肭呢
nai,奶耐奈萘乃艿氖佴柰鼐哪
nan,难男腩楠喃囡囝南蝻赧
nang,囊攮馕囔曩
nao,脑闹恼淖垴蛲铙挠孬瑙硇猱呶
ne,呢讷哪呐
nei,内馁那哪
nen,嫩恁
neng,能
ni,你妮拟尿泥慝溺腻匿逆昵霓倪尼祢呢坭铌伲怩旎鲵睨猊
nian,年念粘酿廿碾撵辇捻鲶黏蔫拈埝鲇
niang,娘酿
niao,鸟嬲袅茑尿脲溺
nie,蘖孽镍臬蹑镊嗫聂涅捏颞乜陧啮
nin,您恁
ning,凝宁苎佞泞柠狞咛拧聍甯
niu,扭牛钮纽忸妞狃拗
nou,耨
nong,浓农弄脓哝侬廾
nu,努女怒衄恧弩驽孥奴胬
nv,女钕衄恧
nuan,暖
nue,虐疟
nuo,诺挪喏糯懦搦娜锘傩
o,哦呕怄沤藕偶鸥殴欧瓯讴噢
ou,区欧瓯鸥殴沤呕怄讴偶耦藕
pa,派怕爬帕琶杷葩啪趴钯耙筢扒
pai,排拍湃哌牌徘派蒎俳迫
pan,胖盘畔盼叛判蟠磐攀潘番泮袢襻拚扳般爿蹒
pang,旁耪螃庞彷滂乓磅膀胖逄
pao,跑抛庖袍炮狍咆刨泡匏疱脬
pei,培配陪佩帔霈沛裴锫赔醅胚呸旆辔
pen,盆喷湓
peng,朋碰蓬捧篷膨彭鹏硼棚澎嘭烹砰怦抨蟛堋
pi,批僻皮匹疲睥媲屁癖擗痞脾啤郫貔琵蚍毗枇霹噼劈披砒纰坯邳丕仳吡庀芘陂铍坏否裨蜱陴埤淠辟甓譬堡疋圮罴鼙
pian,片篇偏骗翩谝骈扁犏蹁胼便缏
piao,漂飘嘌票瞟殍瓢嫖缥剽螵骠莩朴
pie,瞥撇氕苤
pin,拼品贫聘苹嫔频姘拚榀颦牝
ping,评平瓶凭屏萍坪娉乒鲆枰苹俜冯
po,迫泼颇破婆魄粕珀叵鄱坡陂繁泊朴钋皤笸钷攴泺钹
pou,剖掊瓿裒
pu,朴普扑葡蒲谱曝瀑蹼浦圃埔濮璞菩莆匍噗铺仆溥脯镨氆镤暴堡
qi,起弃其奇气期器七启棋齐汽骑泣琪戚祈契企栖俟憩砌妻迄讫绮杞岂乞畦鳍耆琦崎麒旗祺萁歧岐芪祁脐漆蹊欺嘁萋凄沏柒欹淇骐蜞葺蛴荠蕲汔亓圻槭屺桤芑稽碛綦颀綮缉亟
qia,洽恰掐卡髂葜
qian,前千签歉浅潜钱嵌欠荨茜慊堑倩芡谴遣乾掮钳虔黔骞谦铅牵钎迁扦阡仟佥纤芊肷钤缱箝褰搴鬈椠愆悭犍岍
qiang,强墙锵跄炝襁抢蔷腔羌戗枪呛蜣镪嫱樯戕锖将羟蕉
qiao,乔瞧悄敲巧桥鞘窍峭俏樵憔谯翘荞侨橇锹跷蕉峤鞒诮劁撬壳愀硗雀缲
qie,切且茄怯惬锲挈妾郄窃趄砌伽慊箧
qin,琴亲侵勤秦沁擒覃寝噙禽芩芹钦衾溱螓嗪矜吣檎锓揿廑
qing,清情请青倾庆轻晴磬箐謦顷擎卿氢蜻圊鲭氰倾罄亲綮苘檠黥黧
qiong,穷琼穹邛筇蛩銎跫茕
qiu,球求秋丘糗酋逑俅泅囚蚯邱赇裘鳅楸湫仇鼽犰遒蝤虬巯龟
qu,取去趣曲渠屈区娶觑龋趋蛆祛诎蛐躯驱岖瞿蠼衢氍癯璩蘧麴朐劬阒鸲磲苣蕖戌黢
quan,全权圈泉券劝蜷拳醛痊诠铨辁荃筌绻犬畎颧悛鬈
que,却缺确瘸榷雀炔鹊阙阕悫
qun,群裙麇逡
ran,然染燃冉髯苒蚺
rang,让攘壤瓤穰嚷禳
rao,扰绕娆饶桡荛
re,热惹若喏
ren,人认任仁忍韧葚妊饪轫纫仞刃稔荏壬衽
reng,扔仍
ri,日
rong,荣容融绒嵘熔榕溶蓉茸戎狨蝾冗肜
rou,柔肉鞣蹂揉糅
ru,如辱入儒褥乳汝蠕孺濡茹洳铷嚅颥襦薷溽缛蓐
ruan,软阮朊
rui,锐瑞睿芮蕊枘蚋蕤
run,润闰
ruo,若弱偌箬
sa,洒仨挲萨飒卅撒脎
sai,塞赛噻鳃腮思
san,三散伞糁馓叁霰毵
sang,丧嗓搡桑磉颡
sao,扫瘙埽嫂臊缫骚搔鳋缲梢
se,色瑟啬涩铯塞穑
sen,森
seng,僧
sha,沙傻杉霎啥煞砂纱鲨裟痧莎刹杀挲铩厦嗄唼歃
shai,晒筛色酾
shan,闪山善扇剡埏蟮赡嬗擅鳝膳缮骟疝汕讪陕膻煽苫跚珊姗删衫舢鄯单禅掸杉髟钐栅潸芟掺
shang,上伤商赏尚裳绱晌垧墒殇熵汤觞
shao,少绍烧苕哨劭邵韶芍勺艄筲稍梢捎召鞘潲蛸杓
she,赊社涉舍设射歙慑摄赦麝蛇佘舌猞畲奢折厍滠揲
shei,谁
shen,身神深审甚申伸肾什莘慎蜃渗婶沈娠砷绅呻椹葚胂砷渖参糁矧哂谂诜
sheng,胜盛生声省升绳圣剩嵊晟甥笙牲眚渑乘
shi,是什使时十事世失狮实石史始师识试视示施室湿势食市适式士诗柿拾逝噬螫嗜谥释莳誓饰恃侍弑拭舐氏仕屎豕矢驶蚀虱尸铈鲥埘轼炻峙似蓍筮鲺匙贳酾殖嘘
shou,首受售守手收授寿瘦兽狩绶艏熟
shu,术树书数输暑熟舒束鼠蔬恕殊叔竖属述署淑澍漱墅庶腧戍蜀黍曙薯赎塾孰秫疏梳姝菽枢纾抒沭毹殳倏摅
 shua,刷唰耍
shuai,摔衰蟀帅甩率
shuan,涮栓拴闩
shuang ,双爽霜孀泷
shui,睡水谁税说
shun,顺瞬舜吮
shuo,说烁硕朔铄妁搠槊蒴数
si,似丝四司思死私撕嘶肆嗣饲伺姒寺驷泗祀巳厮斯咝澌笥锶缌俟汜蛳兕耜鸶厶食厕
song,送松诵宋颂讼悚耸怂嵩淞凇忪崧菘竦
sou,搜嗽擞嗾叟艘飕溲馊嗖锼瞍螋薮
su,素诉苏速塑俗宿缩簌蔌溯谡粟嗉肃夙酥愫涑觫僳稣
suan,算酸蒜狻
sui,随岁虽碎穗燧隧髓遂隋绥眭荽睢濉祟谇尿
sun,损孙榫笋飧狲荪隼
suo,所索琐嗦锁唢蓑羧梭唆缩睃莎桫娑挲嗍
ta,他她它踏塔榻沓獭塌趿嗒蹋鳎溻遢漯挞闼拓铊
tai,态太台抬汰肽泰钛跆胎苔骀鲐邰炱酞呔薹
tan,探贪叹坦谈摊碳炭毯袒忐檀潭谭痰昙坛瘫滩坍覃镡弹钽锬郯澹
tang,糖堂躺唐淌塘趟烫傥倘帑螳膛樘棠搪镗耥汤瑭溏醣螗饧铴惝羰
tao,桃讨淘陶萄套啕逃韬滔掏绦焘涛洮叨鼗饕
te,特忒忑铽慝
teng ,滕藤誊腾疼
ti,体题提踢替嚏惕倜涕剃屉蹄啼缇锑梯剔醍裼悌绨鹈逖荑
tian,天添甜田填掭腆舔忝恬钿佃畋阗殄
tiao,跳挑条粜眺窕笤迢佻祧调龆苕髫鲦蜩
tie,铁贴萜帖餮
ting,听庭停挺亭婷艇铤霆蜓莛廷烃汀厅梃葶町
tong,痛同统童通桐瞳恸桶捅筒潼彤佟铜茼仝侗酮恫峒垌嗵僮砼
tou,头投偷透骰钭
tu,突土徒途兔涂图秃吐菟屠荼凸钍酴堍
tuan,团疃抟湍彖
tui,推退腿褪蜕煺颓忒
tun,吞氽臀豚饨屯囤褪暾
tuo,拓托妥拖脱唾椭鸵驼陀佗驮乇庹沱坨砣跎柁酡铊舵魄箨橐柝鼍
wa,瓦蛙挖哇袜佤娃娲洼凹腽
wai,外歪崴
wan,晚完挽万玩弯婉顽碗腕绾皖脘惋宛烷纨丸豌蜿剜湾莞琬畹菀娩芄
wang,望亡网忘往王妄汪旺枉魍辋惘罔芒尢
wei,为伟位未违维味威唯微危卫慰委畏蔚萎尾围胃尉魏渭猬谓喂猥痿诿娓伪炜玮纬苇潍惟帷桅帏韦薇煨偎巍逶崴囗沩葳艉嵬韪涠闱隗隈圩遗鲔洧
wen,文问稳闻纹温紊吻刎雯蚊瘟汶璺阌
weng,嗡瓮翁蓊蕹
wo,我握斡龌幄卧沃喔倭蜗窝涡莴挝硪渥肟  
wu,无物五伍误务舞午乌武悟雾梧鹜焐晤戊坞勿兀捂侮鹉妩忤蜈吴唔吾毋芜屋诬巫污圬钨呜牾浯鼯痦寤怃庑邬芜芴婺仵迕恶杌阢鋈於
xi,习希袭西吸析系息细喜戏悉夕溪洗惜膝嘻嬉席稀隙禧屣徙玺铣隰媳醯曦熹僖熙锡樨犀蟋奚螅熄蜥晰淅昔硒牺兮矽汐栖茜粞舾蹊裼烯唏浠郗舄皙菥腊穸歙羲阋禊翕檄觋欷葸蓰饩鼹鼷
xia,下夏霞虾辖吓厦黠暇瑕遐硖狭峡侠狎匣瞎呷瘕柙罅唬
xian,线先献现显鲜险陷衔限贤县酰羡嫌闲纤腺馅宪苋藓蚬冼涎咸舷弦痫娴锨掀籼仙洗铣跣筅岘猃莶氙跹鹇暹霰祆燹见
xiang,想乡像相向响项象享翔详祥香橡巷饷镶襄箱湘厢蟓芗缃葙庠降骧飨鲞
xiao,小消校效笑孝销晓硝逍萧削啸哮淆嚣箫潇骁枭霄宵肖哓绡蛸魈筱崤枵
xie,些协写谢歇鞋懈谐泻屑蟹邂榭亵械卸泄携偕斜挟邪胁蝎楔鲑渫解廨獬绁血燮契颉缬撷躞薤瀣榍勰叶
xin,辛心新信欣衅囟鑫歆昕忻薪锌芯莘馨寻镡
xing,幸星性杏形兴行醒型刑姓悻擤荥陉饧腥惺猩省荇邢硎悻
xiong,雄凶胸熊芎兄汹匈
xiu,秀羞休修溴嗅袖锈绣朽馐咻貅鸺庥髹岫宿臭
xu,许续序叙虚须需绪墟煦蓿婿絮酗蓄畜恤旭栩徐嘘胥戌盱圩溆浒顼醑糈吁诩勖砉洫
xuan,选宣玄喧绚悬楦渲眩炫癣漩旋暄萱轩煊碹揎璇镟铉泫痃券谖儇
xue,学血雪谑穴薛靴鳕削噱泶踅
xun,训寻迅询勋讯旬蕈逊殉徇汛驯循巡恂醺薰熏鲟浔荨尊洵峋郇荀埙獯曛巽浚荤窨彐
ya,压雅涯呀崖琊衙砑迓讶娅亚蚜芽伢牙哑垭鸭押鸦丫桠氩痖蚜岈轧睚揠疋埏
yan,严俨酽砚言唁盐焰阎眼烟咽胭燕演验艳滟岩延蜒筵沿铅炎琰剡焱研妍彦谚晏鼹宴堰郾偃颜焉鄢嫣雁奄腌淹掩崦厣罨阉衍闫厌恹檐赝湮殷魇餍兖芫鼯阽谳阏菸
yang,样洋扬阳养仰央杨氧疡漾烊恙怏痒徉佯羊炀鞅秧鸯殃泱蛘
yao,要邀摇耀腰药遥曜窈舀咬杳瑶徭谣窑姚尧肴爻妖夭吆幺疟珧铫么侥鳐崾鹞繇陶钥约轺
ye,也夜叶业页冶野液谒烨腋曳爷噎掖椰耶邺晔哗揶邪铘靥咽
yi,一艺以颐遗医议意已易义益翼异伊逸衣移亦疫役怡忆依宜谊臆疑乙仪熠溢劓懿殪肄癔镱薏缢翳翌翊羿诣蜴绎驿译毅轶佚悒邑抑裔奕弈屹呓亿弋旖倚舣蚁酏矣苡彝嶷迤贻饴诒沂胰姨咦荑夷噫壹揖漪椅猗铱咿钇仡埸痍镒嗌艾移怿峄挹眙欹尾黟佾刈蛾瘗圯蛇
yin,因音引印阴银饮隐荫窨胤瘾蚓吲尹鄞寅淫龈垠吟殷喑姻茵洇烟铟氤茚夤霪湮堙狺圻
ying,英婴应影迎映莹萦硬樱营颖瀛嬴蝇楹盈滢蓥萤荧茔鹰膺罂鹦缨嘤撄莺瑛赢颍瘿璎荥郢媵潆
yo,哟育唷
yong,用永勇泳拥喁踊蛹恿涌俑甬咏臃壅雍庸邕痈佣饔镛慵鳙墉场
you,有优游由悠右尤忧油友又幽幼犹诱鼬釉柚佑黝莠酉莜铀邮鱿疣呦攸侑铕宥囿蚰尢蝣蚴蝤猷牖鼢卣莸繇
yu,遇域育鱼玉语预雨于与予誉余吁愉欲寓裕羽娱郁狱圄熨毓御愈喻谕豫煜昱妪浴峪聿芋驭钰禹宇伛屿舆虞榆瑜渝逾俞愚隅禺於渔萸谀臾馀妤竽盂瘀淤纡迂欤狳雩蓣龉谷鹆蝓揄觎嵛窬俣喁尉蔚鹬腴庾瘐燠窳菀蜮圉鬻阈舁饫畲粥
yuan,圆园远院愿原源员元援渊怨缘瑗垸苑橼塬辕猿袁媛爰垣鼋沅芫冤螈掾箢眢鸳鸢圜
yue,阅月跃越约悦钥粤岳曰刖樾乐栎说钺瀹龠哕
yun,允匀运孕云晕蕴耘殒韵韫愠郓酝陨纭芸员郧恽氲狁均昀筠熨
za,杂砸咋咱咂匝扎拶
zai,在灾再载崽宰栽哉甾仔
zan,赞瓒錾暂趱攒昝拶簪咱糌
zang,脏奘葬驵臧赃藏
zao,遭造糟早躁燥噪灶唣皂藻澡蚤枣凿缲
ze,责则择笮昃仄泽啧侧赜帻箦咋舴迮
zei,贼
zen,怎谮
zeng,增曾甑赠缯锃憎罾综
zha,扎喳炸眨栅榨蚱痄诈乍铡闸轧札渣吒蜡咋柞砟查楂揸齄咤喋哳
zhai,摘寨债窄宅斋翟祭瘵砦侧择
zhan,展战站盏湛崭蘸绽栈辗搌斩瞻谵詹毡沾占粘颤旃
zhang,张账章杖掌仗丈障涨瘴幛嶂胀帐蟑樟嫜漳彰獐长璋鄣仉
zhao,找照爪肇罩棹笊赵兆诏召沼昭招钊着朝嘲啁
zhe,这着折者辙蛰鹧蔗浙柘褶赭锗谪辄哲遮蜇磔
zhei,这
zhen,震真针阵珍振镇诊朕赈鸩圳缜枕疹畛箴甄斟臻榛蓁砧胗桢侦贞稹轸祯浈帧溱椹
zheng,争证正郑政整征挣症峥诤拯蒸筝铮睁狰怔帧钲丁鲭
zhi,知只之枝职志质纸致置指至支植治织值制智直挚止执脂桎稚雉滞掷陟痔峙栉炙秩帙帜痣膣蛭窒郅酯旨咫枳趾祉芷址跖侄殖埴絷蜘汁栀祗肢吱芝轾识轵忮踬踯彘骘贽鸷黹豸徵摭胝觯卮瘛氏
zhong,终中众重种钟衷肿仲踵冢盅忠舯锺忪螽
zhou,周皱骤昼胄宙咒绉纣帚肘轴妯粥诌洲州舟啁酎荮籀碡繇
zhu,主柱筑著助注瞩拄住逐诸祝珠竹烛猪朱铸箸翥杼蛀炷驻贮伫嘱煮舳竺潴蛛铢株茱诛侏疰渚褚槠术橥洙邾属躅苎麈瘃
zhua,抓爪挝
zhuai,拽转
zhuan,转砖专赚篆馔撰啭颛传沌
zhuang,壮装状撞僮桩庄妆幢奘戆
zhui,追椎缀赘缒惴坠锥骓隹
zhun,谆准肫屯窀
zhuo,茁桌捉琢擢啄镯浊卓酌灼涿焯倬拙着诼濯浞禚斫缴
zi,子自字资仔滋姿梓渍恣滓訾紫秭姊籽辎淄孳兹咨龇孜耔粢谘趑嵫鲻锱缁吱眦呲茈赀觜髭笫
zong,总综宗踪粽纵鬃棕枞腙偬
zou,走奏揍诹驺邹陬鲰鄹
zu,祖族组足租俎阻诅卒菹镞
zuan,钻攥纂缵赚躜
zui,最嘴醉罪蕞觜咀
zun,尊遵撙樽鳟
zuo,作做座左昨坐唑祚柞怍佐嘬胙阼笮撮琢凿
